-- MySQL dump 10.13  Distrib 8.0.19, for Win64 (x86_64)
--
-- Host: localhost    Database: collectonline
-- ------------------------------------------------------
-- Server version	11.3.2-MariaDB

/*!40101 SET @OLD_CHARACTER_SET_CLIENT=@@CHARACTER_SET_CLIENT */;
/*!40101 SET @OLD_CHARACTER_SET_RESULTS=@@CHARACTER_SET_RESULTS */;
/*!40101 SET @OLD_COLLATION_CONNECTION=@@COLLATION_CONNECTION */;
/*!50503 SET NAMES utf8mb4 */;
/*!40103 SET @OLD_TIME_ZONE=@@TIME_ZONE */;
/*!40103 SET TIME_ZONE='+00:00' */;
/*!40014 SET @OLD_UNIQUE_CHECKS=@@UNIQUE_CHECKS, UNIQUE_CHECKS=0 */;
/*!40014 SET @OLD_FOREIGN_KEY_CHECKS=@@FOREIGN_KEY_CHECKS, FOREIGN_KEY_CHECKS=0 */;
/*!40101 SET @OLD_SQL_MODE=@@SQL_MODE, SQL_MODE='NO_AUTO_VALUE_ON_ZERO' */;
/*!40111 SET @OLD_SQL_NOTES=@@SQL_NOTES, SQL_NOTES=0 */;

--
-- Table structure for table `company`
--

DROP TABLE IF EXISTS `company`;
/*!40101 SET @saved_cs_client     = @@character_set_client */;
/*!50503 SET character_set_client = utf8mb4 */;
CREATE TABLE `company` (
  `id` bigint(20) unsigned NOT NULL AUTO_INCREMENT,
  `name` varchar(100) NOT NULL,
  PRIMARY KEY (`id`)
) ENGINE=InnoDB AUTO_INCREMENT=23 DEFAULT CHARSET=latin1 COLLATE=latin1_swedish_ci;
/*!40101 SET character_set_client = @saved_cs_client */;

--
-- Dumping data for table `company`
--

LOCK TABLES `company` WRITE;
/*!40000 ALTER TABLE `company` DISABLE KEYS */;
INSERT INTO `company` VALUES (3,'Apple Inc.'),(4,'Microsoft Corporation'),(5,'Amazon.com Inc.'),(6,'Alphabet Inc.'),(7,'Facebook Inc.'),(8,'Berkshire Hathaway Inc.'),(9,'Tesla, Inc.'),(10,'Alibaba Group Holding Limited'),(11,'Tencent Holdings Limited'),(12,'Johnson & Johnson'),(13,'Visa Inc.'),(14,'Walmart Inc.'),(15,'JPMorgan Chase & Co.'),(16,'Procter & Gamble Co.'),(17,'UnitedHealth Group Inc.'),(18,'Mastercard Incorporated'),(19,'Intel Corporation'),(20,'Home Depot Inc.'),(21,'Verizon Communications Inc.'),(22,'Cisco Systems, Inc.');
/*!40000 ALTER TABLE `company` ENABLE KEYS */;
UNLOCK TABLES;

--
-- Table structure for table `credit_note`
--

DROP TABLE IF EXISTS `credit_note`;
/*!40101 SET @saved_cs_client     = @@character_set_client */;
/*!50503 SET character_set_client = utf8mb4 */;
CREATE TABLE `credit_note` (
  `id` bigint(20) unsigned NOT NULL AUTO_INCREMENT,
  `reference` varchar(100) NOT NULL,
  `creation_date` date NOT NULL DEFAULT current_timestamp(),
  `amount` double DEFAULT NULL,
  `statement_id` bigint(20) unsigned NOT NULL,
  PRIMARY KEY (`id`),
  UNIQUE KEY `credit_note_unique_reference` (`reference`),
  KEY `credit_note_statement_FK` (`statement_id`),
  CONSTRAINT `credit_note_statement_FK` FOREIGN KEY (`statement_id`) REFERENCES `statement` (`id`) ON DELETE CASCADE ON UPDATE CASCADE
) ENGINE=InnoDB AUTO_INCREMENT=182 DEFAULT CHARSET=latin1 COLLATE=latin1_swedish_ci;
/*!40101 SET character_set_client = @saved_cs_client */;

--
-- Dumping data for table `credit_note`
--

LOCK TABLES `credit_note` WRITE;
/*!40000 ALTER TABLE `credit_note` DISABLE KEYS */;
INSERT INTO `credit_note` VALUES (122,'CREDIT-NOTE-00001','2024-04-01',48209.27,4),(123,'CREDIT-NOTE-00002','2024-04-02',23641.74,6),(124,'CREDIT-NOTE-00003','2024-04-03',79450.43,5),(125,'CREDIT-NOTE-00004','2024-04-04',17193.86,12),(126,'CREDIT-NOTE-00005','2024-04-05',57634.12,8),(127,'CREDIT-NOTE-00006','2024-04-06',90736.51,3),(128,'CREDIT-NOTE-00007','2024-04-07',30875.02,11),(129,'CREDIT-NOTE-00008','2024-04-08',82164.79,9),(130,'CREDIT-NOTE-00009','2024-04-09',62389.63,10),(131,'CREDIT-NOTE-00010','2024-04-10',49785.2,4),(132,'CREDIT-NOTE-00011','2024-04-11',32059.41,6),(133,'CREDIT-NOTE-00012','2024-04-12',76843.79,5),(134,'CREDIT-NOTE-00013','2024-04-13',58092.73,12),(135,'CREDIT-NOTE-00014','2024-04-14',31254.17,8),(136,'CREDIT-NOTE-00015','2024-04-15',45971.36,3),(137,'CREDIT-NOTE-00016','2024-04-16',69875.92,11),(138,'CREDIT-NOTE-00017','2024-04-17',82637.41,9),(139,'CREDIT-NOTE-00018','2024-04-18',16982.28,10),(140,'CREDIT-NOTE-00019','2024-04-19',57236.95,4),(141,'CREDIT-NOTE-00020','2024-04-20',49261.74,6),(142,'CREDIT-NOTE-00021','2024-04-21',89437.68,5),(143,'CREDIT-NOTE-00022','2024-04-22',61854.92,12),(144,'CREDIT-NOTE-00023','2024-04-23',23156.08,8),(145,'CREDIT-NOTE-00024','2024-04-24',39785.92,3),(146,'CREDIT-NOTE-00025','2024-04-25',58493.17,11),(147,'CREDIT-NOTE-00026','2024-04-26',79241.86,9),(148,'CREDIT-NOTE-00027','2024-04-27',13542.19,10),(149,'CREDIT-NOTE-00028','2024-04-28',67293.75,4),(150,'CREDIT-NOTE-00029','2024-04-29',92836.91,6),(151,'CREDIT-NOTE-00030','2024-04-30',18562.84,5),(152,'CREDIT-NOTE-00031','2024-04-01',89172.85,24),(153,'CREDIT-NOTE-00032','2024-04-02',36749.29,28),(154,'CREDIT-NOTE-00033','2024-04-03',65281.64,26),(155,'CREDIT-NOTE-00034','2024-04-04',59874.56,33),(156,'CREDIT-NOTE-00035','2024-04-05',42816.39,27),(157,'CREDIT-NOTE-00036','2024-04-06',74138.07,31),(158,'CREDIT-NOTE-00037','2024-04-07',91374.28,29),(159,'CREDIT-NOTE-00038','2024-04-08',28973.82,32),(160,'CREDIT-NOTE-00039','2024-04-09',42560.91,30),(161,'CREDIT-NOTE-00040','2024-04-10',57691.17,24),(162,'CREDIT-NOTE-00041','2024-04-11',71986.54,28),(163,'CREDIT-NOTE-00042','2024-04-12',36914.82,26),(164,'CREDIT-NOTE-00043','2024-04-13',69837.23,33),(165,'CREDIT-NOTE-00044','2024-04-14',82764.49,27),(166,'CREDIT-NOTE-00045','2024-04-15',49187.27,31),(167,'CREDIT-NOTE-00046','2024-04-16',61724.18,29),(168,'CREDIT-NOTE-00047','2024-04-17',83659.72,32),(169,'CREDIT-NOTE-00048','2024-04-18',25793.65,30),(170,'CREDIT-NOTE-00049','2024-04-19',70483.84,24),(171,'CREDIT-NOTE-00050','2024-04-20',38957.43,28),(172,'CREDIT-NOTE-00051','2024-04-21',53847.39,26),(173,'CREDIT-NOTE-00052','2024-04-22',27684.52,33),(174,'CREDIT-NOTE-00053','2024-04-23',92745.14,27),(175,'CREDIT-NOTE-00054','2024-04-24',34819.67,31),(176,'CREDIT-NOTE-00055','2024-04-25',69138.79,29),(177,'CREDIT-NOTE-00056','2024-04-26',42968.15,32),(178,'CREDIT-NOTE-00057','2024-04-27',17582.36,30),(179,'CREDIT-NOTE-00058','2024-04-28',63391.84,24),(180,'CREDIT-NOTE-00059','2024-04-29',82846.72,28),(181,'CREDIT-NOTE-00060','2024-04-30',49723.28,26);
/*!40000 ALTER TABLE `credit_note` ENABLE KEYS */;
UNLOCK TABLES;

--
-- Table structure for table `invoice`
--

DROP TABLE IF EXISTS `invoice`;
/*!40101 SET @saved_cs_client     = @@character_set_client */;
/*!50503 SET character_set_client = utf8mb4 */;
CREATE TABLE `invoice` (
  `id` bigint(20) unsigned NOT NULL AUTO_INCREMENT,
  `reference` varchar(100) NOT NULL,
  `creation_date` date NOT NULL DEFAULT current_timestamp(),
  `due_date` date NOT NULL,
  `amount` double DEFAULT NULL,
  `statement_id` bigint(20) unsigned NOT NULL,
  PRIMARY KEY (`id`),
  UNIQUE KEY `invoice_unique_reference` (`reference`),
  KEY `invoice_statement_FK` (`statement_id`),
  CONSTRAINT `invoice_statement_FK` FOREIGN KEY (`statement_id`) REFERENCES `statement` (`id`) ON DELETE CASCADE ON UPDATE CASCADE
) ENGINE=InnoDB AUTO_INCREMENT=62 DEFAULT CHARSET=latin1 COLLATE=latin1_swedish_ci;
/*!40101 SET character_set_client = @saved_cs_client */;

--
-- Dumping data for table `invoice`
--

LOCK TABLES `invoice` WRITE;
/*!40000 ALTER TABLE `invoice` DISABLE KEYS */;
INSERT INTO `invoice` VALUES (2,'INVOICE-00001','2024-04-01','2024-05-10',6311.24,3),(3,'INVOICE-00002','2024-04-02','2024-06-07',17583.39,4),(4,'INVOICE-00003','2024-04-03','2024-07-26',85370.57,5),(5,'INVOICE-00004','2024-04-04','2024-05-09',26190.05,6),(6,'INVOICE-00005','2024-04-05','2024-06-17',49052.11,7),(7,'INVOICE-00006','2024-04-06','2024-08-11',15843.96,8),(8,'INVOICE-00007','2024-04-07','2024-06-06',9818.89,9),(9,'INVOICE-00008','2024-04-08','2024-09-02',72954.8,10),(10,'INVOICE-00009','2024-04-09','2024-05-11',47285.93,11),(11,'INVOICE-00010','2024-04-10','2024-06-23',1932.67,12),(12,'INVOICE-00011','2024-04-11','2024-07-05',64486.84,13),(13,'INVOICE-00012','2024-04-12','2024-05-06',51227.5,14),(14,'INVOICE-00013','2024-04-13','2024-07-28',44150.07,15),(15,'INVOICE-00014','2024-04-14','2024-06-01',7466.28,16),(16,'INVOICE-00015','2024-04-15','2024-08-05',3919.18,17),(17,'INVOICE-00016','2024-04-16','2024-06-28',87614.22,18),(18,'INVOICE-00017','2024-04-17','2024-08-12',4293.42,19),(19,'INVOICE-00018','2024-04-18','2024-07-15',87613.05,20),(20,'INVOICE-00019','2024-04-19','2024-05-05',50190.69,21),(21,'INVOICE-00020','2024-04-20','2024-06-22',12561.33,22),(22,'INVOICE-00021','2024-04-21','2024-07-25',32600.79,23),(23,'INVOICE-00022','2024-04-22','2024-06-12',79851.67,3),(24,'INVOICE-00023','2024-04-23','2024-07-02',92895.16,4),(25,'INVOICE-00024','2024-04-24','2024-06-26',47722.79,5),(26,'INVOICE-00025','2024-04-25','2024-08-08',38433.9,6),(27,'INVOICE-00026','2024-04-26','2024-05-13',63155.36,7),(28,'INVOICE-00027','2024-04-27','2024-06-27',25427.93,8),(29,'INVOICE-00028','2024-04-28','2024-09-05',8210.63,9),(30,'INVOICE-00029','2024-04-29','2024-06-25',5727.35,10),(31,'INVOICE-00030','2024-04-30','2024-07-29',72669.8,11),(32,'INVOICE-00031','2024-05-01','2024-08-13',10746.51,12),(33,'INVOICE-00032','2024-05-02','2024-05-02',90490.76,13),(34,'INVOICE-00033','2024-05-03','2024-07-16',84277.9,14),(35,'INVOICE-00034','2024-05-04','2024-09-03',55288.98,15),(36,'INVOICE-00035','2024-05-05','2024-05-26',7030.75,16),(37,'INVOICE-00036','2024-05-06','2024-08-16',18769.22,17),(38,'INVOICE-00037','2024-05-07','2024-06-10',69064.62,18),(39,'INVOICE-00038','2024-05-08','2024-07-30',899.71,19),(40,'INVOICE-00039','2024-05-09','2024-06-21',63150.96,20),(41,'INVOICE-00040','2024-05-10','2024-08-14',25521.1,21),(42,'INVOICE-00041','2024-05-11','2024-07-22',68648.63,22),(43,'INVOICE-00042','2024-05-12','2024-06-14',34762.65,23),(44,'INVOICE-00043','2024-05-13','2024-08-10',79156.47,3),(45,'INVOICE-00044','2024-05-14','2024-05-16',76077.38,4),(46,'INVOICE-00045','2024-05-15','2024-07-17',81656.05,5),(47,'INVOICE-00046','2024-05-16','2024-09-06',18844.25,6),(48,'INVOICE-00047','2024-05-17','2024-06-20',20679.44,7),(49,'INVOICE-00048','2024-05-18','2024-08-02',19604.48,8),(50,'INVOICE-00049','2024-05-19','2024-05-04',42640.41,9),(51,'INVOICE-00050','2024-05-20','2024-07-27',49352.33,10),(52,'INVOICE-00051','2024-05-21','2024-08-09',69546.07,11),(53,'INVOICE-00052','2024-05-22','2024-05-14',59362.94,12),(54,'INVOICE-00053','2024-05-23','2024-08-17',15158.78,13),(55,'INVOICE-00054','2024-05-24','2024-06-13',71940.07,14),(56,'INVOICE-00055','2024-05-25','2024-07-19',35962.99,15),(57,'INVOICE-00056','2024-05-26','2024-06-29',1043.68,16),(58,'INVOICE-00057','2024-05-27','2024-09-04',58934.46,17),(59,'INVOICE-00058','2024-05-28','2024-06-19',51689.47,18),(60,'INVOICE-00059','2024-05-29','2024-07-31',93237.22,19),(61,'INVOICE-00060','2024-05-30','2024-08-15',48308.02,20);
/*!40000 ALTER TABLE `invoice` ENABLE KEYS */;
UNLOCK TABLES;

--
-- Table structure for table `payment`
--

DROP TABLE IF EXISTS `payment`;
/*!40101 SET @saved_cs_client     = @@character_set_client */;
/*!50503 SET character_set_client = utf8mb4 */;
CREATE TABLE `payment` (
  `id` bigint(20) unsigned NOT NULL AUTO_INCREMENT,
  `reference` varchar(100) NOT NULL,
  `creation_date` date DEFAULT current_timestamp(),
  `amount` double DEFAULT NULL,
  `iban` varchar(37) NOT NULL,
  `statement_id` bigint(20) unsigned NOT NULL,
  PRIMARY KEY (`id`),
  UNIQUE KEY `payment_unique_reference` (`reference`),
  KEY `payment_statement_FK` (`statement_id`),
  CONSTRAINT `payment_statement_FK` FOREIGN KEY (`statement_id`) REFERENCES `statement` (`id`) ON DELETE CASCADE ON UPDATE CASCADE
) ENGINE=InnoDB AUTO_INCREMENT=62 DEFAULT CHARSET=latin1 COLLATE=latin1_swedish_ci;
/*!40101 SET character_set_client = @saved_cs_client */;

--
-- Dumping data for table `payment`
--

LOCK TABLES `payment` WRITE;
/*!40000 ALTER TABLE `payment` DISABLE KEYS */;
INSERT INTO `payment` VALUES (2,'PAYMENT-00001','2024-04-01',74893.27,'BE1234567890123456',7),(3,'PAYMENT-00002','2024-04-02',92416.95,'BE2345678901234567',12),(4,'PAYMENT-00003','2024-04-03',38592.71,'BE3456789012345678',6),(5,'PAYMENT-00004','2024-04-04',51874.39,'BE4567890123456789',9),(6,'PAYMENT-00005','2024-04-05',67284.16,'BE5678901234567890',10),(7,'PAYMENT-00006','2024-04-06',29785.43,'BE6789012345678901',3),(8,'PAYMENT-00007','2024-04-07',40821.59,'BE7890123456789012',5),(9,'PAYMENT-00008','2024-04-08',59237.84,'BE8912345678901234',11),(10,'PAYMENT-00009','2024-04-09',71836.27,'BE9123456789012345',8),(11,'PAYMENT-00010','2024-04-10',36294.18,'BE2345678901234567',13),(12,'PAYMENT-00011','2024-04-11',83592.47,'BE3456789012345678',3),(13,'PAYMENT-00012','2024-04-12',17483.62,'BE4567890123456789',4),(14,'PAYMENT-00013','2024-04-13',50912.89,'BE5678901234567890',6),(15,'PAYMENT-00014','2024-04-14',68317.21,'BE6789012345678901',8),(16,'PAYMENT-00015','2024-04-15',24895.36,'BE7890123456789012',10),(17,'PAYMENT-00016','2024-04-16',37852.74,'BE8912345678901234',12),(18,'PAYMENT-00017','2024-04-17',42786.91,'BE9123456789012345',4),(19,'PAYMENT-00018','2024-04-18',66291.48,'BE1234567890123456',6),(20,'PAYMENT-00019','2024-04-19',82946.15,'BE2345678901234567',8),(21,'PAYMENT-00020','2024-04-20',57384.29,'BE3456789012345678',10),(22,'PAYMENT-00021','2024-04-21',34571.92,'BE4567890123456789',12),(23,'PAYMENT-00022','2024-04-22',48926.57,'BE5678901234567890',4),(24,'PAYMENT-00023','2024-04-23',71254.18,'BE6789012345678901',6),(25,'PAYMENT-00024','2024-04-24',62891.37,'BE7890123456789012',8),(26,'PAYMENT-00025','2024-04-25',38571.94,'BE8912345678901234',10),(27,'PAYMENT-00026','2024-04-26',28935.17,'BE9123456789012345',12),(28,'PAYMENT-00027','2024-04-27',47892.63,'BE1234567890123456',4),(29,'PAYMENT-00028','2024-04-28',51294.18,'BE2345678901234567',6),(30,'PAYMENT-00029','2024-04-29',68312.47,'BE3456789012345678',8),(31,'PAYMENT-00030','2024-04-30',28951.29,'BE4567890123456789',10),(32,'PAYMENT-00031','2024-04-01',74893.27,'BE1234567890123456',36),(33,'PAYMENT-00032','2024-04-02',92416.95,'BE2345678901234567',42),(34,'PAYMENT-00033','2024-04-03',38592.71,'BE3456789012345678',37),(35,'PAYMENT-00034','2024-04-04',51874.39,'BE4567890123456789',39),(36,'PAYMENT-00035','2024-04-05',67284.16,'BE5678901234567890',40),(37,'PAYMENT-00036','2024-04-06',29785.43,'BE6789012345678901',34),(38,'PAYMENT-00037','2024-04-07',40821.59,'BE7890123456789012',36),(39,'PAYMENT-00038','2024-04-08',59237.84,'BE8912345678901234',41),(40,'PAYMENT-00039','2024-04-09',71836.27,'BE9123456789012345',38),(41,'PAYMENT-00040','2024-04-10',36294.18,'BE2345678901234567',43),(42,'PAYMENT-00041','2024-04-11',83592.47,'BE3456789012345678',35),(43,'PAYMENT-00042','2024-04-12',17483.62,'BE4567890123456789',34),(44,'PAYMENT-00043','2024-04-13',50912.89,'BE5678901234567890',36),(45,'PAYMENT-00044','2024-04-14',68317.21,'BE6789012345678901',38),(46,'PAYMENT-00045','2024-04-15',24895.36,'BE7890123456789012',40),(47,'PAYMENT-00046','2024-04-16',37852.74,'BE8912345678901234',42),(48,'PAYMENT-00047','2024-04-17',42786.91,'BE9123456789012345',35),(49,'PAYMENT-00048','2024-04-18',66291.48,'BE1234567890123456',37),(50,'PAYMENT-00049','2024-04-19',82946.15,'BE2345678901234567',39),(51,'PAYMENT-00050','2024-04-20',57384.29,'BE3456789012345678',41),(52,'PAYMENT-00051','2024-04-21',34571.92,'BE4567890123456789',43),(53,'PAYMENT-00052','2024-04-22',48926.57,'BE5678901234567890',35),(54,'PAYMENT-00053','2024-04-23',71254.18,'BE6789012345678901',37),(55,'PAYMENT-00054','2024-04-24',62891.37,'BE7890123456789012',39),(56,'PAYMENT-00055','2024-04-25',38571.94,'BE8912345678901234',41),(57,'PAYMENT-00056','2024-04-26',28935.17,'BE9123456789012345',43),(58,'PAYMENT-00057','2024-04-27',47892.63,'BE1234567890123456',34),(59,'PAYMENT-00058','2024-04-28',51294.18,'BE2345678901234567',36),(60,'PAYMENT-00059','2024-04-29',68312.47,'BE3456789012345678',38),(61,'PAYMENT-00060','2024-04-30',28951.29,'BE4567890123456789',40);
/*!40000 ALTER TABLE `payment` ENABLE KEYS */;
UNLOCK TABLES;

--
-- Table structure for table `statement`
--

DROP TABLE IF EXISTS `statement`;
/*!40101 SET @saved_cs_client     = @@character_set_client */;
/*!50503 SET character_set_client = utf8mb4 */;
CREATE TABLE `statement` (
  `id` bigint(20) unsigned NOT NULL AUTO_INCREMENT,
  `reference` varchar(100) NOT NULL,
  `creditor_id` bigint(20) unsigned NOT NULL,
  `debtor_id` bigint(20) unsigned NOT NULL,
  `creation_date` date NOT NULL DEFAULT current_timestamp(),
  PRIMARY KEY (`id`),
  UNIQUE KEY `statement_unique_reference` (`reference`),
  KEY `statement_company_FK` (`creditor_id`),
  KEY `statement_company_FK_1` (`debtor_id`),
  CONSTRAINT `statement_company_FK` FOREIGN KEY (`creditor_id`) REFERENCES `company` (`id`) ON DELETE CASCADE ON UPDATE CASCADE,
  CONSTRAINT `statement_company_FK_1` FOREIGN KEY (`debtor_id`) REFERENCES `company` (`id`) ON DELETE CASCADE ON UPDATE CASCADE
) ENGINE=InnoDB AUTO_INCREMENT=53 DEFAULT CHARSET=latin1 COLLATE=latin1_swedish_ci;
/*!40101 SET character_set_client = @saved_cs_client */;

--
-- Dumping data for table `statement`
--

LOCK TABLES `statement` WRITE;
/*!40000 ALTER TABLE `statement` DISABLE KEYS */;
INSERT INTO `statement` VALUES (3,'Statement-00001',3,8,'2024-04-30'),(4,'Statement-00002',3,9,'2024-04-30'),(5,'Statement-00003',3,10,'2024-04-30'),(6,'Statement-00004',4,11,'2024-04-30'),(7,'Statement-00005',4,12,'2024-04-30'),(8,'Statement-00006',4,13,'2024-04-30'),(9,'Statement-00007',5,14,'2024-04-30'),(10,'Statement-00008',5,15,'2024-04-30'),(11,'Statement-00009',5,16,'2024-04-30'),(12,'Statement-00010',6,17,'2024-04-30'),(13,'Statement-00011',6,18,'2024-04-30'),(14,'Statement-00012',6,19,'2024-04-30'),(15,'Statement-00013',7,20,'2024-04-30'),(16,'Statement-00014',7,21,'2024-04-30'),(17,'Statement-00015',7,22,'2024-04-30'),(18,'Statement-00016',3,3,'2024-04-30'),(19,'Statement-00017',4,4,'2024-04-30'),(20,'Statement-00018',5,5,'2024-04-30'),(21,'Statement-00019',6,6,'2024-04-30'),(22,'Statement-00020',7,7,'2024-04-30'),(23,'Statement-00021',3,8,'2024-04-30'),(24,'Statement-00022',4,9,'2024-04-30'),(25,'Statement-00023',5,10,'2024-04-30'),(26,'Statement-00024',6,11,'2024-04-30'),(27,'Statement-00025',7,12,'2024-04-30'),(28,'Statement-00026',3,13,'2024-04-30'),(29,'Statement-00027',4,14,'2024-04-30'),(30,'Statement-00028',5,15,'2024-04-30'),(31,'Statement-00029',6,16,'2024-04-30'),(32,'Statement-00030',7,17,'2024-04-30'),(33,'Statement-00031',3,18,'2024-04-30'),(34,'Statement-00032',4,19,'2024-04-30'),(35,'Statement-00033',5,20,'2024-04-30'),(36,'Statement-00034',6,21,'2024-04-30'),(37,'Statement-00035',7,22,'2024-04-30'),(38,'Statement-00036',3,3,'2024-04-30'),(39,'Statement-00037',4,4,'2024-04-30'),(40,'Statement-00038',5,5,'2024-04-30'),(41,'Statement-00039',6,6,'2024-04-30'),(42,'Statement-00040',7,7,'2024-04-30'),(43,'Statement-00041',3,8,'2024-04-30'),(44,'Statement-00042',4,9,'2024-04-30'),(45,'Statement-00043',5,10,'2024-04-30'),(46,'Statement-00044',6,11,'2024-04-30'),(47,'Statement-00045',7,12,'2024-04-30'),(48,'Statement-00046',3,13,'2024-04-30'),(49,'Statement-00047',4,14,'2024-04-30'),(50,'Statement-00048',5,15,'2024-04-30'),(51,'Statement-00049',6,16,'2024-04-30'),(52,'Statement-00050',7,17,'2024-04-30');
/*!40000 ALTER TABLE `statement` ENABLE KEYS */;
UNLOCK TABLES;

--
-- Dumping routines for database 'collectonline'
--
/*!40103 SET TIME_ZONE=@OLD_TIME_ZONE */;

/*!40101 SET SQL_MODE=@OLD_SQL_MODE */;
/*!40014 SET FOREIGN_KEY_CHECKS=@OLD_FOREIGN_KEY_CHECKS */;
/*!40014 SET UNIQUE_CHECKS=@OLD_UNIQUE_CHECKS */;
/*!40101 SET CHARACTER_SET_CLIENT=@OLD_CHARACTER_SET_CLIENT */;
/*!40101 SET CHARACTER_SET_RESULTS=@OLD_CHARACTER_SET_RESULTS */;
/*!40101 SET COLLATION_CONNECTION=@OLD_COLLATION_CONNECTION */;
/*!40111 SET SQL_NOTES=@OLD_SQL_NOTES */;

-- Dump completed on 2024-04-30 15:35:57
